"","datos","Nh_real_1","Nh_basic1","Nh_basicvis_1","Nh_PIMLE_1","Nh_PIMLEvis_1","Nh_MLE_1","Nh_MLEvis_1","Nh_MoS_1","Nh_MoSvis_1","Nh_GNSUM_1","Nh_real_2","Nh_basic2","Nh_basicvis_2","Nh_PIMLE_2","Nh_PIMLEvis_2","Nh_MLE_2","Nh_MLEvis_2","Nh_MoS_2","Nh_MoSvis_2","Nh_GNSUM_2","Nh_real_3","Nh_basic3","Nh_basicvis_3","Nh_PIMLE_3","Nh_PIMLEvis_3","Nh_MLE_3","Nh_MLEvis_3","Nh_MoS_3","Nh_MoSvis_3","Nh_GNSUM_3","Nh_real_4","Nh_basic4","Nh_basicvis_4","Nh_PIMLE_4","Nh_PIMLEvis_4","Nh_MLE_4","Nh_MLEvis_4","Nh_MoS_4","Nh_MoSvis_4","Nh_GNSUM_4","Nh_real_5","Nh_basic5","Nh_basicvis_5","Nh_PIMLE_5","Nh_PIMLEvis_5","Nh_MLE_5","Nh_MLEvis_5","Nh_MoS_5","Nh_MoSvis_5","Nh_GNSUM_5","Nh_real_6","Nh_basic6","Nh_basicvis_6","Nh_PIMLE_6","Nh_PIMLEvis_6","Nh_MLE_6","Nh_MLEvis_6","Nh_MoS_6","Nh_MoSvis_6","Nh_GNSUM_6","Nh_real_7","Nh_basic7","Nh_basicvis_7","Nh_PIMLE_7","Nh_PIMLEvis_7","Nh_MLE_7","Nh_MLEvis_7","Nh_MoS_7","Nh_MoSvis_7","Nh_GNSUM_7","Nh_real_8","Nh_basic8","Nh_basicvis_8","Nh_PIMLE_8","Nh_PIMLEvis_8","Nh_MLE_8","Nh_MLEvis_8","Nh_MoS_8","Nh_MoSvis_8","Nh_GNSUM_8","Nh_real_9","Nh_basic9","Nh_basicvis_9","Nh_PIMLE_9","Nh_PIMLEvis_9","Nh_MLE_9","Nh_MLEvis_9","Nh_MoS_9","Nh_MoSvis_9","Nh_GNSUM_9","Nh_real_10","Nh_basic10","Nh_basicvis_10","Nh_PIMLE_10","Nh_PIMLEvis_10","Nh_MLE_10","Nh_MLEvis_10","Nh_MoS_10","Nh_MoSvis_10","Nh_GNSUM_10","Nh_real_11","Nh_basic11","Nh_basicvis_11","Nh_PIMLE_11","Nh_PIMLEvis_11","Nh_MLE_11","Nh_MLEvis_11","Nh_MoS_11","Nh_MoSvis_11","Nh_GNSUM_11","Nh_real_12","Nh_basic12","Nh_basicvis_12","Nh_PIMLE_12","Nh_PIMLEvis_12","Nh_MLE_12","Nh_MLEvis_12","Nh_MoS_12","Nh_MoSvis_12","Nh_GNSUM_12","Nh_real_13","Nh_basic13","Nh_basicvis_13","Nh_PIMLE_13","Nh_PIMLEvis_13","Nh_MLE_13","Nh_MLEvis_13","Nh_MoS_13","Nh_MoSvis_13","Nh_GNSUM_13","Nh_real_14","Nh_basic14","Nh_basicvis_14","Nh_PIMLE_14","Nh_PIMLEvis_14","Nh_MLE_14","Nh_MLEvis_14","Nh_MoS_14","Nh_MoSvis_14","Nh_GNSUM_14","Nh_real_15","Nh_basic15","Nh_basicvis_15","Nh_PIMLE_15","Nh_PIMLEvis_15","Nh_MLE_15","Nh_MLEvis_15","Nh_MoS_15","Nh_MoSvis_15","Nh_GNSUM_15","Nh_real_16","Nh_basic16","Nh_basicvis_16","Nh_PIMLE_16","Nh_PIMLEvis_16","Nh_MLE_16","Nh_MLEvis_16","Nh_MoS_16","Nh_MoSvis_16","Nh_GNSUM_16","Nh_real_17","Nh_basic17","Nh_basicvis_17","Nh_PIMLE_17","Nh_PIMLEvis_17","Nh_MLE_17","Nh_MLEvis_17","Nh_MoS_17","Nh_MoSvis_17","Nh_GNSUM_17","Nh_real_18","Nh_basic18","Nh_basicvis_18","Nh_PIMLE_18","Nh_PIMLEvis_18","Nh_MLE_18","Nh_MLEvis_18","Nh_MoS_18","Nh_MoSvis_18","Nh_GNSUM_18","Nh_real_19","Nh_basic19","Nh_basicvis_19","Nh_PIMLE_19","Nh_PIMLEvis_19","Nh_MLE_19","Nh_MLEvis_19","Nh_MoS_19","Nh_MoSvis_19","Nh_GNSUM_19","Nh_real_20","Nh_basic20","Nh_basicvis_20","Nh_PIMLE_20","Nh_PIMLEvis_20","Nh_MLE_20","Nh_MLEvis_20","Nh_MoS_20","Nh_MoSvis_20","Nh_GNSUM_20","Nh_real_21","Nh_basic21","Nh_basicvis_21","Nh_PIMLE_21","Nh_PIMLEvis_21","Nh_MLE_21","Nh_MLEvis_21","Nh_MoS_21","Nh_MoSvis_21","Nh_GNSUM_21","Nh_real_22","Nh_basic22","Nh_basicvis_22","Nh_PIMLE_22","Nh_PIMLEvis_22","Nh_MLE_22","Nh_MLEvis_22","Nh_MoS_22","Nh_MoSvis_22","Nh_GNSUM_22","Nh_real_23","Nh_basic23","Nh_basicvis_23","Nh_PIMLE_23","Nh_PIMLEvis_23","Nh_MLE_23","Nh_MLEvis_23","Nh_MoS_23","Nh_MoSvis_23","Nh_GNSUM_23","Nh_real_24","Nh_basic24","Nh_basicvis_24","Nh_PIMLE_24","Nh_PIMLEvis_24","Nh_MLE_24","Nh_MLEvis_24","Nh_MoS_24","Nh_MoSvis_24","Nh_GNSUM_24","Nh_real_25","Nh_basic25","Nh_basicvis_25","Nh_PIMLE_25","Nh_PIMLEvis_25","Nh_MLE_25","Nh_MLEvis_25","Nh_MoS_25","Nh_MoSvis_25","Nh_GNSUM_25"
"1",1,1017,1005.09279010239,1005.09279010239,1004.99947772466,1004.99947772466,1005.83246027333,1005.83246027333,1004.99961715624,1004.99961715624,1007.77894736842,981,979.632587859425,979.632587859425,980.504784092079,980.504784092079,979.476496354657,979.476496354657,980.798460454202,980.798460454202,973.637419637639,992,989.071111170419,989.071111170419,988.758520451946,988.758520451946,987.423088243951,987.423088243951,988.965268592952,988.965268592952,991.772712490761,1014,1038.98528882191,1038.98528882191,1040.28280390965,1040.28280390965,1038.8038326657,1038.8038326657,1040.34134857725,1040.34134857725,1036.99311557053,1021,1032.70154831821,1032.70154831821,1035.99993038107,1035.99993038107,1035.63721696656,1035.63721696656,1036.07081524698,1036.07081524698,1027.3091943958,1020,997.145296408943,997.145296408943,999.788081614441,999.788081614441,998.904306220096,998.904306220096,999.905452424811,999.905452424811,988.067205475462,965,935.550935550936,935.550935550936,936.545761705543,936.545761705543,936.607424669253,936.607424669253,936.503313118583,936.503313118583,928.812637121545,970,960.555977963637,960.555977963637,963.090847211485,963.090847211485,961.30290444252,961.30290444252,963.099960375352,963.099960375352,957.04699006429,975,968.312905071798,968.312905071798,969.619801921896,969.619801921896,967.853524261325,967.853524261325,969.469031674422,969.469031674422,974.100501031535,1017,1023.05839775403,1023.05839775403,1023.14378174423,1023.14378174423,1023.2530942046,1023.2530942046,1023.15535021192,1023.15535021192,1026.29320488307,994,981.407296005962,981.407296005962,982.762974444957,982.762974444957,981.75262770499,981.75262770499,982.917681115737,982.917681115737,974.436820572765,959,950.067046374849,950.067046374849,950.99152069775,950.99152069775,950.842831301381,950.842831301381,950.785092994161,950.785092994161,958.838202580454,994,982.561860068259,982.561860068259,982.269650857486,982.269650857486,981.407060348892,981.407060348892,982.23963410326,982.23963410326,981.725276344879,980,983.96006655574,983.96006655574,981.767392002746,981.767392002746,981.543500153247,981.543500153247,981.998651284735,981.998651284735,983.653883282141,1018,1024.31226270566,1024.31226270566,1026.61870147337,1026.61870147337,1025.31265934066,1025.31265934066,1026.95041829756,1026.95041829756,1022.76511254019,982,992.006832223542,992.006832223542,990.557913800694,990.557913800694,989.935603061494,989.935603061494,990.606128938429,990.606128938429,995.217983490566,983,978.766025641026,978.766025641026,979.784383940246,979.784383940246,979.439210329176,979.439210329176,979.813936020636,979.813936020636,977.701495601173,1015,1015.14099551378,1015.14099551378,1015.79071800415,1015.79071800415,1014.80245147206,1014.80245147206,1015.78931848496,1015.78931848496,1016.39159403161,943,956.60894564418,956.60894564418,959.740104556092,959.740104556092,957.062481631693,957.062481631693,959.821152828524,959.821152828524,948.311240535818,968,963.557998959181,963.557998959181,963.690152448291,963.690152448291,962.623404255319,962.623404255319,963.738378116378,963.738378116378,956.448243184138,960,961.656400821268,961.656400821268,961.293022021802,961.293022021802,961.080182272269,961.080182272269,961.409349979782,961.409349979782,966.429710677045,1053,1050.88052163224,1050.88052163224,1051.78170589489,1051.78170589489,1052.07369120579,1052.07369120579,1051.8312914989,1051.8312914989,1049.0527168311,1016,1022.68178785857,1022.68178785857,1025.41984818193,1025.41984818193,1024.05833321083,1024.05833321083,1025.4140916297,1025.4140916297,1031.84002370019,1017,1010.18438394462,1010.18438394462,1009.53604063482,1009.53604063482,1008.80156494066,1008.80156494066,1009.45549697956,1009.45549697956,1020.58656033082,1022,1028.82524776908,1028.82524776908,1030.01236996504,1030.01236996504,1028.84465322155,1028.84465322155,1030.10580040737,1030.10580040737,1018.51440800929
"2",2,1017,1003.15356672388,1003.15356672388,1004.99947772466,1004.99947772466,1005.83246027333,1005.83246027333,1004.99961715624,1004.99961715624,1007.77894736842,981,978.707558085409,978.707558085409,980.504784092079,980.504784092079,979.476496354657,979.476496354657,980.798460454202,980.798460454202,973.637419637639,992,987.911018699935,987.911018699935,988.758520451946,988.758520451946,987.423088243951,987.423088243951,988.965268592952,988.965268592952,991.772712490761,1014,1036.51072436,1036.51072436,1040.28280390965,1040.28280390965,1038.8038326657,1038.8038326657,1040.34134857725,1040.34134857725,1036.99311557053,1021,1032.5637261444,1032.5637261444,1035.99993038107,1035.99993038107,1035.63721696656,1035.63721696656,1036.07081524698,1036.07081524698,1027.3091943958,1020,997.145296408943,997.145296408943,999.788081614441,999.788081614441,998.904306220096,998.904306220096,999.905452424811,999.905452424811,988.067205475462,965,932.308060082075,932.308060082075,936.545761705543,936.545761705543,936.607424669253,936.607424669253,936.503313118583,936.503313118583,928.812637121545,970,959.250822576563,959.250822576563,963.090847211485,963.090847211485,961.30290444252,961.30290444252,963.099960375352,963.099960375352,957.04699006429,975,968.403119759363,968.403119759363,969.619801921896,969.619801921896,967.853524261325,967.853524261325,969.469031674422,969.469031674422,974.100501031535,1017,1019.92359526715,1019.92359526715,1023.14378174423,1023.14378174423,1023.2530942046,1023.2530942046,1023.15535021192,1023.15535021192,1026.29320488307,994,980.141957093867,980.141957093867,982.762974444957,982.762974444957,981.75262770499,981.75262770499,982.917681115737,982.917681115737,974.436820572765,959,947.312682022769,947.312682022769,950.99152069775,950.99152069775,950.842831301381,950.842831301381,950.785092994161,950.785092994161,958.838202580454,994,981.47580935132,981.47580935132,982.269650857486,982.269650857486,981.407060348892,981.407060348892,982.23963410326,982.23963410326,981.725276344879,980,987.232223943587,987.232223943587,981.767392002746,981.767392002746,981.543500153247,981.543500153247,981.998651284735,981.998651284735,983.653883282141,1018,1031.11170712083,1031.11170712083,1026.61870147337,1026.61870147337,1025.31265934066,1025.31265934066,1026.95041829756,1026.95041829756,1022.76511254019,982,994.342121102684,994.342121102684,990.557913800694,990.557913800694,989.935603061494,989.935603061494,990.606128938429,990.606128938429,995.217983490566,983,980.520696759693,980.520696759693,979.784383940246,979.784383940246,979.439210329176,979.439210329176,979.813936020636,979.813936020636,977.701495601173,1015,1013.62521331058,1013.62521331058,1015.79071800415,1015.79071800415,1014.80245147206,1014.80245147206,1015.78931848496,1015.78931848496,1016.39159403161,943,957.402673875514,957.402673875514,959.740104556092,959.740104556092,957.062481631693,957.062481631693,959.821152828524,959.821152828524,948.311240535818,968,959.933000106349,959.933000106349,963.690152448291,963.690152448291,962.623404255319,962.623404255319,963.738378116378,963.738378116378,956.448243184138,960,962.374916611074,962.374916611074,961.293022021802,961.293022021802,961.080182272269,961.080182272269,961.409349979782,961.409349979782,966.429710677045,1053,1051.66742438424,1051.66742438424,1051.78170589489,1051.78170589489,1052.07369120579,1052.07369120579,1051.8312914989,1051.8312914989,1049.0527168311,1016,1024.06177771246,1024.06177771246,1025.41984818193,1025.41984818193,1024.05833321083,1024.05833321083,1025.4140916297,1025.4140916297,1031.84002370019,1017,1010.68222382056,1010.68222382056,1009.53604063482,1009.53604063482,1008.80156494066,1008.80156494066,1009.45549697956,1009.45549697956,1020.58656033082,1022,1027.9203038582,1027.9203038582,1030.01236996504,1030.01236996504,1028.84465322155,1028.84465322155,1030.10580040737,1030.10580040737,1018.51440800929
"3",3,1017,1006.8108974359,1006.8108974359,1004.99947772466,1004.99947772466,1005.83246027333,1005.83246027333,1004.99961715624,1004.99961715624,1007.77894736842,981,978.603438875517,978.603438875517,980.504784092079,980.504784092079,979.476496354657,979.476496354657,980.798460454202,980.798460454202,973.637419637639,992,990.101655067392,990.101655067392,988.758520451946,988.758520451946,987.423088243951,987.423088243951,988.965268592952,988.965268592952,991.772712490761,1014,1043.39673185106,1043.39673185106,1040.28280390965,1040.28280390965,1038.8038326657,1038.8038326657,1040.34134857725,1040.34134857725,1036.99311557053,1021,1021.29176181739,1021.29176181739,1035.99993038107,1035.99993038107,1035.63721696656,1035.63721696656,1036.07081524698,1036.07081524698,1027.3091943958,1020,998.650652629891,998.650652629891,999.788081614441,999.788081614441,998.904306220096,998.904306220096,999.905452424811,999.905452424811,988.067205475462,965,941.687794277436,941.687794277436,936.545761705543,936.545761705543,936.607424669253,936.607424669253,936.503313118583,936.503313118583,928.812637121545,970,966.006653788367,966.006653788367,963.090847211485,963.090847211485,961.30290444252,961.30290444252,963.099960375352,963.099960375352,957.04699006429,975,972.84432618898,972.84432618898,969.619801921896,969.619801921896,967.853524261325,967.853524261325,969.469031674422,969.469031674422,974.100501031535,1017,1029.67565685513,1029.67565685513,1023.14378174423,1023.14378174423,1023.2530942046,1023.2530942046,1023.15535021192,1023.15535021192,1026.29320488307,994,980.389549956791,980.389549956791,982.762974444957,982.762974444957,981.75262770499,981.75262770499,982.917681115737,982.917681115737,974.436820572765,959,954.515139389089,954.515139389089,950.99152069775,950.99152069775,950.842831301381,950.842831301381,950.785092994161,950.785092994161,958.838202580454,994,983.676574616606,983.676574616606,982.269650857486,982.269650857486,981.407060348892,981.407060348892,982.23963410326,982.23963410326,981.725276344879,980,982.743492249196,982.743492249196,981.767392002746,981.767392002746,981.543500153247,981.543500153247,981.998651284735,981.998651284735,983.653883282141,1018,1029.00044163109,1029.00044163109,1026.61870147337,1026.61870147337,1025.31265934066,1025.31265934066,1026.95041829756,1026.95041829756,1022.76511254019,982,986.635167956256,986.635167956256,990.557913800694,990.557913800694,989.935603061494,989.935603061494,990.606128938429,990.606128938429,995.217983490566,983,974.912206023199,974.912206023199,979.784383940246,979.784383940246,979.439210329176,979.439210329176,979.813936020636,979.813936020636,977.701495601173,1015,1013.2334714874,1013.2334714874,1015.79071800415,1015.79071800415,1014.80245147206,1014.80245147206,1015.78931848496,1015.78931848496,1016.39159403161,943,958.351752870099,958.351752870099,959.740104556092,959.740104556092,957.062481631693,957.062481631693,959.821152828524,959.821152828524,948.311240535818,968,960.430937022012,960.430937022012,963.690152448291,963.690152448291,962.623404255319,962.623404255319,963.738378116378,963.738378116378,956.448243184138,960,956.276183910484,956.276183910484,961.293022021802,961.293022021802,961.080182272269,961.080182272269,961.409349979782,961.409349979782,966.429710677045,1053,1052.76543342079,1052.76543342079,1051.78170589489,1051.78170589489,1052.07369120579,1052.07369120579,1051.8312914989,1051.8312914989,1049.0527168311,1016,1016.52432231712,1016.52432231712,1025.41984818193,1025.41984818193,1024.05833321083,1024.05833321083,1025.4140916297,1025.4140916297,1031.84002370019,1017,1000.8573501286,1000.8573501286,1009.53604063482,1009.53604063482,1008.80156494066,1008.80156494066,1009.45549697956,1009.45549697956,1020.58656033082,1022,1025.89681177926,1025.89681177926,1030.01236996504,1030.01236996504,1028.84465322155,1028.84465322155,1030.10580040737,1030.10580040737,1018.51440800929
"4",4,1017,1013.11581154084,1013.11581154084,1004.99947772466,1004.99947772466,1005.83246027333,1005.83246027333,1004.99961715624,1004.99961715624,1007.77894736842,981,978.239196033339,978.239196033339,980.504784092079,980.504784092079,979.476496354657,979.476496354657,980.798460454202,980.798460454202,973.637419637639,992,981.955963011049,981.955963011049,988.758520451946,988.758520451946,987.423088243951,987.423088243951,988.965268592952,988.965268592952,991.772712490761,1014,1023.97602397602,1023.97602397602,1040.28280390965,1040.28280390965,1038.8038326657,1038.8038326657,1040.34134857725,1040.34134857725,1036.99311557053,1021,1035.17480365529,1035.17480365529,1035.99993038107,1035.99993038107,1035.63721696656,1035.63721696656,1036.07081524698,1036.07081524698,1027.3091943958,1020,1005.02850381844,1005.02850381844,999.788081614441,999.788081614441,998.904306220096,998.904306220096,999.905452424811,999.905452424811,988.067205475462,965,937.750467539407,937.750467539407,936.545761705543,936.545761705543,936.607424669253,936.607424669253,936.503313118583,936.503313118583,928.812637121545,970,962.893628401417,962.893628401417,963.090847211485,963.090847211485,961.30290444252,961.30290444252,963.099960375352,963.099960375352,957.04699006429,975,958.882445967317,958.882445967317,969.619801921896,969.619801921896,967.853524261325,967.853524261325,969.469031674422,969.469031674422,974.100501031535,1017,1030.57271910895,1030.57271910895,1023.14378174423,1023.14378174423,1023.2530942046,1023.2530942046,1023.15535021192,1023.15535021192,1026.29320488307,994,985.038738979428,985.038738979428,982.762974444957,982.762974444957,981.75262770499,981.75262770499,982.917681115737,982.917681115737,974.436820572765,959,942.75739411106,942.75739411106,950.99152069775,950.99152069775,950.842831301381,950.842831301381,950.785092994161,950.785092994161,958.838202580454,994,988.518697355008,988.518697355008,982.269650857486,982.269650857486,981.407060348892,981.407060348892,982.23963410326,982.23963410326,981.725276344879,980,985.192786981381,985.192786981381,981.767392002746,981.767392002746,981.543500153247,981.543500153247,981.998651284735,981.998651284735,983.653883282141,1018,1023.15369261477,1023.15369261477,1026.61870147337,1026.61870147337,1025.31265934066,1025.31265934066,1026.95041829756,1026.95041829756,1022.76511254019,982,978.132154416989,978.132154416989,990.557913800694,990.557913800694,989.935603061494,989.935603061494,990.606128938429,990.606128938429,995.217983490566,983,974.938143507064,974.938143507064,979.784383940246,979.784383940246,979.439210329176,979.439210329176,979.813936020636,979.813936020636,977.701495601173,1015,1002.88876284444,1002.88876284444,1015.79071800415,1015.79071800415,1014.80245147206,1014.80245147206,1015.78931848496,1015.78931848496,1016.39159403161,943,962.905136211909,962.905136211909,959.740104556092,959.740104556092,957.062481631693,957.062481631693,959.821152828524,959.821152828524,948.311240535818,968,959.231658231379,959.231658231379,963.690152448291,963.690152448291,962.623404255319,962.623404255319,963.738378116378,963.738378116378,956.448243184138,960,963.506184713206,963.506184713206,961.293022021802,961.293022021802,961.080182272269,961.080182272269,961.409349979782,961.409349979782,966.429710677045,1053,1046.1837239618,1046.1837239618,1051.78170589489,1051.78170589489,1052.07369120579,1052.07369120579,1051.8312914989,1051.8312914989,1049.0527168311,1016,1016.53780353567,1016.53780353567,1025.41984818193,1025.41984818193,1024.05833321083,1024.05833321083,1025.4140916297,1025.4140916297,1031.84002370019,1017,1025.36383660122,1025.36383660122,1009.53604063482,1009.53604063482,1008.80156494066,1008.80156494066,1009.45549697956,1009.45549697956,1020.58656033082,1022,1033.72021336478,1033.72021336478,1030.01236996504,1030.01236996504,1028.84465322155,1028.84465322155,1030.10580040737,1030.10580040737,1018.51440800929
"5",5,1017,1006.75711767534,1006.75711767534,1004.99947772466,1004.99947772466,1005.83246027333,1005.83246027333,1004.99961715624,1004.99961715624,1007.77894736842,981,977.940199335548,977.940199335548,980.504784092079,980.504784092079,979.476496354657,979.476496354657,980.798460454202,980.798460454202,973.637419637639,992,999.31239972496,999.31239972496,988.758520451946,988.758520451946,987.423088243951,987.423088243951,988.965268592952,988.965268592952,991.772712490761,1014,1030.53233146365,1030.53233146365,1040.28280390965,1040.28280390965,1038.8038326657,1038.8038326657,1040.34134857725,1040.34134857725,1036.99311557053,1021,1019.94542362603,1019.94542362603,1035.99993038107,1035.99993038107,1035.63721696656,1035.63721696656,1036.07081524698,1036.07081524698,1027.3091943958,1020,1000.28101540232,1000.28101540232,999.788081614441,999.788081614441,998.904306220096,998.904306220096,999.905452424811,999.905452424811,988.067205475462,965,925.510876730389,925.510876730389,936.545761705543,936.545761705543,936.607424669253,936.607424669253,936.503313118583,936.503313118583,928.812637121545,970,973.660726358203,973.660726358203,963.090847211485,963.090847211485,961.30290444252,961.30290444252,963.099960375352,963.099960375352,957.04699006429,975,969.654970214694,969.654970214694,969.619801921896,969.619801921896,967.853524261325,967.853524261325,969.469031674422,969.469031674422,974.100501031535,1017,1017.99261230488,1017.99261230488,1023.14378174423,1023.14378174423,1023.2530942046,1023.2530942046,1023.15535021192,1023.15535021192,1026.29320488307,994,987.598103554496,987.598103554496,982.762974444957,982.762974444957,981.75262770499,981.75262770499,982.917681115737,982.917681115737,974.436820572765,959,945.110676739395,945.110676739395,950.99152069775,950.99152069775,950.842831301381,950.842831301381,950.785092994161,950.785092994161,958.838202580454,994,985.294117647059,985.294117647059,982.269650857486,982.269650857486,981.407060348892,981.407060348892,982.23963410326,982.23963410326,981.725276344879,980,990.937851895544,990.937851895544,981.767392002746,981.767392002746,981.543500153247,981.543500153247,981.998651284735,981.998651284735,983.653883282141,1018,1026.81552308966,1026.81552308966,1026.61870147337,1026.61870147337,1025.31265934066,1025.31265934066,1026.95041829756,1026.95041829756,1022.76511254019,982,984.93580825947,984.93580825947,990.557913800694,990.557913800694,989.935603061494,989.935603061494,990.606128938429,990.606128938429,995.217983490566,983,970.81848648219,970.81848648219,979.784383940246,979.784383940246,979.439210329176,979.439210329176,979.813936020636,979.813936020636,977.701495601173,1015,1013.89555662239,1013.89555662239,1015.79071800415,1015.79071800415,1014.80245147206,1014.80245147206,1015.78931848496,1015.78931848496,1016.39159403161,943,945.608353710925,945.608353710925,959.740104556092,959.740104556092,957.062481631693,957.062481631693,959.821152828524,959.821152828524,948.311240535818,968,957.28603245307,957.28603245307,963.690152448291,963.690152448291,962.623404255319,962.623404255319,963.738378116378,963.738378116378,956.448243184138,960,950.304339806593,950.304339806593,961.293022021802,961.293022021802,961.080182272269,961.080182272269,961.409349979782,961.409349979782,966.429710677045,1053,1041.21159167031,1041.21159167031,1051.78170589489,1051.78170589489,1052.07369120579,1052.07369120579,1051.8312914989,1051.8312914989,1049.0527168311,1016,1028.21039076019,1028.21039076019,1025.41984818193,1025.41984818193,1024.05833321083,1024.05833321083,1025.4140916297,1025.4140916297,1031.84002370019,1017,1010.04991680532,1010.04991680532,1009.53604063482,1009.53604063482,1008.80156494066,1008.80156494066,1009.45549697956,1009.45549697956,1020.58656033082,1022,1014.02784533873,1014.02784533873,1030.01236996504,1030.01236996504,1028.84465322155,1028.84465322155,1030.10580040737,1030.10580040737,1018.51440800929
"6",6,1017,1012.19086490696,1012.19086490696,1004.99947772466,1004.99947772466,1005.83246027333,1005.83246027333,1004.99961715624,1004.99961715624,1007.77894736842,981,968.977958022806,968.977958022806,980.504784092079,980.504784092079,979.476496354657,979.476496354657,980.798460454202,980.798460454202,973.637419637639,992,973.316524845047,973.316524845047,988.758520451946,988.758520451946,987.423088243951,987.423088243951,988.965268592952,988.965268592952,991.772712490761,1014,1042.58679300838,1042.58679300838,1040.28280390965,1040.28280390965,1038.8038326657,1038.8038326657,1040.34134857725,1040.34134857725,1036.99311557053,1021,1040.9687184662,1040.9687184662,1035.99993038107,1035.99993038107,1035.63721696656,1035.63721696656,1036.07081524698,1036.07081524698,1027.3091943958,1020,983.863325260609,983.863325260609,999.788081614441,999.788081614441,998.904306220096,998.904306220096,999.905452424811,999.905452424811,988.067205475462,965,933.758978451716,933.758978451716,936.545761705543,936.545761705543,936.607424669253,936.607424669253,936.503313118583,936.503313118583,928.812637121545,970,958.95701273105,958.95701273105,963.090847211485,963.090847211485,961.30290444252,961.30290444252,963.099960375352,963.099960375352,957.04699006429,975,967.295931932996,967.295931932996,969.619801921896,969.619801921896,967.853524261325,967.853524261325,969.469031674422,969.469031674422,974.100501031535,1017,1034.12101730932,1034.12101730932,1023.14378174423,1023.14378174423,1023.2530942046,1023.2530942046,1023.15535021192,1023.15535021192,1026.29320488307,994,982.584247205085,982.584247205085,982.762974444957,982.762974444957,981.75262770499,981.75262770499,982.917681115737,982.917681115737,974.436820572765,959,948.467818895133,948.467818895133,950.99152069775,950.99152069775,950.842831301381,950.842831301381,950.785092994161,950.785092994161,958.838202580454,994,987.287170625193,987.287170625193,982.269650857486,982.269650857486,981.407060348892,981.407060348892,982.23963410326,982.23963410326,981.725276344879,980,997.247854945767,997.247854945767,981.767392002746,981.767392002746,981.543500153247,981.543500153247,981.998651284735,981.998651284735,983.653883282141,1018,1039.50356911097,1039.50356911097,1026.61870147337,1026.61870147337,1025.31265934066,1025.31265934066,1026.95041829756,1026.95041829756,1022.76511254019,982,995.460571244928,995.460571244928,990.557913800694,990.557913800694,989.935603061494,989.935603061494,990.606128938429,990.606128938429,995.217983490566,983,969.341868585335,969.341868585335,979.784383940246,979.784383940246,979.439210329176,979.439210329176,979.813936020636,979.813936020636,977.701495601173,1015,1028.14101610569,1028.14101610569,1015.79071800415,1015.79071800415,1014.80245147206,1014.80245147206,1015.78931848496,1015.78931848496,1016.39159403161,943,952.583853743625,952.583853743625,959.740104556092,959.740104556092,957.062481631693,957.062481631693,959.821152828524,959.821152828524,948.311240535818,968,962.966914265139,962.966914265139,963.690152448291,963.690152448291,962.623404255319,962.623404255319,963.738378116378,963.738378116378,956.448243184138,960,977.119711727333,977.119711727333,961.293022021802,961.293022021802,961.080182272269,961.080182272269,961.409349979782,961.409349979782,966.429710677045,1053,1050.13685826824,1050.13685826824,1051.78170589489,1051.78170589489,1052.07369120579,1052.07369120579,1051.8312914989,1051.8312914989,1049.0527168311,1016,1031.15667124062,1031.15667124062,1025.41984818193,1025.41984818193,1024.05833321083,1024.05833321083,1025.4140916297,1025.4140916297,1031.84002370019,1017,1018.07253163028,1018.07253163028,1009.53604063482,1009.53604063482,1008.80156494066,1008.80156494066,1009.45549697956,1009.45549697956,1020.58656033082,1022,1046.88093816168,1046.88093816168,1030.01236996504,1030.01236996504,1028.84465322155,1028.84465322155,1030.10580040737,1030.10580040737,1018.51440800929
"7",7,1017,1002.47327269826,1002.47327269826,1004.99947772466,1004.99947772466,1005.83246027333,1005.83246027333,1004.99961715624,1004.99961715624,1007.77894736842,981,964.103235949168,964.103235949168,980.504784092079,980.504784092079,979.476496354657,979.476496354657,980.798460454202,980.798460454202,973.637419637639,992,979.710528054986,979.710528054986,988.758520451946,988.758520451946,987.423088243951,987.423088243951,988.965268592952,988.965268592952,991.772712490761,1014,1038.14067539114,1038.14067539114,1040.28280390965,1040.28280390965,1038.8038326657,1038.8038326657,1040.34134857725,1040.34134857725,1036.99311557053,1021,1044.326863375,1044.326863375,1035.99993038107,1035.99993038107,1035.63721696656,1035.63721696656,1036.07081524698,1036.07081524698,1027.3091943958,1020,969.64586846543,969.64586846543,999.788081614441,999.788081614441,998.904306220096,998.904306220096,999.905452424811,999.905452424811,988.067205475462,965,941.372096765542,941.372096765542,936.545761705543,936.545761705543,936.607424669253,936.607424669253,936.503313118583,936.503313118583,928.812637121545,970,934.224182667359,934.224182667359,963.090847211485,963.090847211485,961.30290444252,961.30290444252,963.099960375352,963.099960375352,957.04699006429,975,947.864828951825,947.864828951825,969.619801921896,969.619801921896,967.853524261325,967.853524261325,969.469031674422,969.469031674422,974.100501031535,1017,1019.9371244379,1019.9371244379,1023.14378174423,1023.14378174423,1023.2530942046,1023.2530942046,1023.15535021192,1023.15535021192,1026.29320488307,994,995.289449175991,995.289449175991,982.762974444957,982.762974444957,981.75262770499,981.75262770499,982.917681115737,982.917681115737,974.436820572765,959,932.037823334809,932.037823334809,950.99152069775,950.99152069775,950.842831301381,950.842831301381,950.785092994161,950.785092994161,958.838202580454,994,973.42561284869,973.42561284869,982.269650857486,982.269650857486,981.407060348892,981.407060348892,982.23963410326,982.23963410326,981.725276344879,980,994.457299682506,994.457299682506,981.767392002746,981.767392002746,981.543500153247,981.543500153247,981.998651284735,981.998651284735,983.653883282141,1018,1038.64701670967,1038.64701670967,1026.61870147337,1026.61870147337,1025.31265934066,1025.31265934066,1026.95041829756,1026.95041829756,1022.76511254019,982,971.498020151331,971.498020151331,990.557913800694,990.557913800694,989.935603061494,989.935603061494,990.606128938429,990.606128938429,995.217983490566,983,977.382444723015,977.382444723015,979.784383940246,979.784383940246,979.439210329176,979.439210329176,979.813936020636,979.813936020636,977.701495601173,1015,1003.32550344427,1003.32550344427,1015.79071800415,1015.79071800415,1014.80245147206,1014.80245147206,1015.78931848496,1015.78931848496,1016.39159403161,943,970.191760015189,970.191760015189,959.740104556092,959.740104556092,957.062481631693,957.062481631693,959.821152828524,959.821152828524,948.311240535818,968,957.565309640631,957.565309640631,963.690152448291,963.690152448291,962.623404255319,962.623404255319,963.738378116378,963.738378116378,956.448243184138,960,967.25312449713,967.25312449713,961.293022021802,961.293022021802,961.080182272269,961.080182272269,961.409349979782,961.409349979782,966.429710677045,1053,1059.9730458221,1059.9730458221,1051.78170589489,1051.78170589489,1052.07369120579,1052.07369120579,1051.8312914989,1051.8312914989,1049.0527168311,1016,1011.00031655587,1011.00031655587,1025.41984818193,1025.41984818193,1024.05833321083,1024.05833321083,1025.4140916297,1025.4140916297,1031.84002370019,1017,1009.51240604005,1009.51240604005,1009.53604063482,1009.53604063482,1008.80156494066,1008.80156494066,1009.45549697956,1009.45549697956,1020.58656033082,1022,1027.70116320902,1027.70116320902,1030.01236996504,1030.01236996504,1028.84465322155,1028.84465322155,1030.10580040737,1030.10580040737,1018.51440800929
"8",8,1017,1001.40800170023,1001.40800170023,1004.99947772466,1004.99947772466,1005.83246027333,1005.83246027333,1004.99961715624,1004.99961715624,1007.77894736842,981,985.338421369753,985.338421369753,980.504784092079,980.504784092079,979.476496354657,979.476496354657,980.798460454202,980.798460454202,973.637419637639,992,1008.65494529421,1008.65494529421,988.758520451946,988.758520451946,987.423088243951,987.423088243951,988.965268592952,988.965268592952,991.772712490761,1014,1051.83564899205,1051.83564899205,1040.28280390965,1040.28280390965,1038.8038326657,1038.8038326657,1040.34134857725,1040.34134857725,1036.99311557053,1021,1035.4241665886,1035.4241665886,1035.99993038107,1035.99993038107,1035.63721696656,1035.63721696656,1036.07081524698,1036.07081524698,1027.3091943958,1020,986.121738212712,986.121738212712,999.788081614441,999.788081614441,998.904306220096,998.904306220096,999.905452424811,999.905452424811,988.067205475462,965,930.886331087891,930.886331087891,936.545761705543,936.545761705543,936.607424669253,936.607424669253,936.503313118583,936.503313118583,928.812637121545,970,971.244368913706,971.244368913706,963.090847211485,963.090847211485,961.30290444252,961.30290444252,963.099960375352,963.099960375352,957.04699006429,975,966.3195920102,966.3195920102,969.619801921896,969.619801921896,967.853524261325,967.853524261325,969.469031674422,969.469031674422,974.100501031535,1017,1029.52400080337,1029.52400080337,1023.14378174423,1023.14378174423,1023.2530942046,1023.2530942046,1023.15535021192,1023.15535021192,1026.29320488307,994,961.395548949818,961.395548949818,982.762974444957,982.762974444957,981.75262770499,981.75262770499,982.917681115737,982.917681115737,974.436820572765,959,948.757043420616,948.757043420616,950.99152069775,950.99152069775,950.842831301381,950.842831301381,950.785092994161,950.785092994161,958.838202580454,994,981.096911608094,981.096911608094,982.269650857486,982.269650857486,981.407060348892,981.407060348892,982.23963410326,982.23963410326,981.725276344879,980,992.814451682224,992.814451682224,981.767392002746,981.767392002746,981.543500153247,981.543500153247,981.998651284735,981.998651284735,983.653883282141,1018,1039.63006530645,1039.63006530645,1026.61870147337,1026.61870147337,1025.31265934066,1025.31265934066,1026.95041829756,1026.95041829756,1022.76511254019,982,1007.45358449654,1007.45358449654,990.557913800694,990.557913800694,989.935603061494,989.935603061494,990.606128938429,990.606128938429,995.217983490566,983,975.457183166077,975.457183166077,979.784383940246,979.784383940246,979.439210329176,979.439210329176,979.813936020636,979.813936020636,977.701495601173,1015,1014.76162511345,1014.76162511345,1015.79071800415,1015.79071800415,1014.80245147206,1014.80245147206,1015.78931848496,1015.78931848496,1016.39159403161,943,965.556335366841,965.556335366841,959.740104556092,959.740104556092,957.062481631693,957.062481631693,959.821152828524,959.821152828524,948.311240535818,968,964.497515627504,964.497515627504,963.690152448291,963.690152448291,962.623404255319,962.623404255319,963.738378116378,963.738378116378,956.448243184138,960,951.959878579913,951.959878579913,961.293022021802,961.293022021802,961.080182272269,961.080182272269,961.409349979782,961.409349979782,966.429710677045,1053,1017.18808603096,1017.18808603096,1051.78170589489,1051.78170589489,1052.07369120579,1052.07369120579,1051.8312914989,1051.8312914989,1049.0527168311,1016,1030.67138189299,1030.67138189299,1025.41984818193,1025.41984818193,1024.05833321083,1024.05833321083,1025.4140916297,1025.4140916297,1031.84002370019,1017,1020.88042191368,1020.88042191368,1009.53604063482,1009.53604063482,1008.80156494066,1008.80156494066,1009.45549697956,1009.45549697956,1020.58656033082,1022,1044.15985271024,1044.15985271024,1030.01236996504,1030.01236996504,1028.84465322155,1028.84465322155,1030.10580040737,1030.10580040737,1018.51440800929
"9",9,1017,1025.24002502244,1025.24002502244,1004.99947772466,1004.99947772466,1005.83246027333,1005.83246027333,1004.99961715624,1004.99961715624,1007.77894736842,981,975.710005038318,975.710005038318,980.504784092079,980.504784092079,979.476496354657,979.476496354657,980.798460454202,980.798460454202,973.637419637639,992,977.694529817573,977.694529817573,988.758520451946,988.758520451946,987.423088243951,987.423088243951,988.965268592952,988.965268592952,991.772712490761,1014,1042.37753067587,1042.37753067587,1040.28280390965,1040.28280390965,1038.8038326657,1038.8038326657,1040.34134857725,1040.34134857725,1036.99311557053,1021,1022.72276638775,1022.72276638775,1035.99993038107,1035.99993038107,1035.63721696656,1035.63721696656,1036.07081524698,1036.07081524698,1027.3091943958,1020,1002.2659926791,1002.2659926791,999.788081614441,999.788081614441,998.904306220096,998.904306220096,999.905452424811,999.905452424811,988.067205475462,965,930.565497494631,930.565497494631,936.545761705543,936.545761705543,936.607424669253,936.607424669253,936.503313118583,936.503313118583,928.812637121545,970,935.936261193933,935.936261193933,963.090847211485,963.090847211485,961.30290444252,961.30290444252,963.099960375352,963.099960375352,957.04699006429,975,965.998858220151,965.998858220151,969.619801921896,969.619801921896,967.853524261325,967.853524261325,969.469031674422,969.469031674422,974.100501031535,1017,1031.92817167935,1031.92817167935,1023.14378174423,1023.14378174423,1023.2530942046,1023.2530942046,1023.15535021192,1023.15535021192,1026.29320488307,994,982.086968102817,982.086968102817,982.762974444957,982.762974444957,981.75262770499,981.75262770499,982.917681115737,982.917681115737,974.436820572765,959,938.701087455564,938.701087455564,950.99152069775,950.99152069775,950.842831301381,950.842831301381,950.785092994161,950.785092994161,958.838202580454,994,984.346618228443,984.346618228443,982.269650857486,982.269650857486,981.407060348892,981.407060348892,982.23963410326,982.23963410326,981.725276344879,980,981.973245480027,981.973245480027,981.767392002746,981.767392002746,981.543500153247,981.543500153247,981.998651284735,981.998651284735,983.653883282141,1018,1006.45313297643,1006.45313297643,1026.61870147337,1026.61870147337,1025.31265934066,1025.31265934066,1026.95041829756,1026.95041829756,1022.76511254019,982,966.044208802776,966.044208802776,990.557913800694,990.557913800694,989.935603061494,989.935603061494,990.606128938429,990.606128938429,995.217983490566,983,990.91425326519,990.91425326519,979.784383940246,979.784383940246,979.439210329176,979.439210329176,979.813936020636,979.813936020636,977.701495601173,1015,1007.8475039105,1007.8475039105,1015.79071800415,1015.79071800415,1014.80245147206,1014.80245147206,1015.78931848496,1015.78931848496,1016.39159403161,943,945.708355916295,945.708355916295,959.740104556092,959.740104556092,957.062481631693,957.062481631693,959.821152828524,959.821152828524,948.311240535818,968,988.311617212307,988.311617212307,963.690152448291,963.690152448291,962.623404255319,962.623404255319,963.738378116378,963.738378116378,956.448243184138,960,967.863133176786,967.863133176786,961.293022021802,961.293022021802,961.080182272269,961.080182272269,961.409349979782,961.409349979782,966.429710677045,1053,1051.14737447042,1051.14737447042,1051.78170589489,1051.78170589489,1052.07369120579,1052.07369120579,1051.8312914989,1051.8312914989,1049.0527168311,1016,1045.55995089347,1045.55995089347,1025.41984818193,1025.41984818193,1024.05833321083,1024.05833321083,1025.4140916297,1025.4140916297,1031.84002370019,1017,1018.59185180213,1018.59185180213,1009.53604063482,1009.53604063482,1008.80156494066,1008.80156494066,1009.45549697956,1009.45549697956,1020.58656033082,1022,1028.68803264914,1028.68803264914,1030.01236996504,1030.01236996504,1028.84465322155,1028.84465322155,1030.10580040737,1030.10580040737,1018.51440800929
"10",10,1017,991.360605941063,991.360605941063,1004.99947772466,1004.99947772466,1005.83246027333,1005.83246027333,1004.99961715624,1004.99961715624,1007.77894736842,981,980.585499753488,980.585499753488,980.504784092079,980.504784092079,979.476496354657,979.476496354657,980.798460454202,980.798460454202,973.637419637639,992,996.183000913929,996.183000913929,988.758520451946,988.758520451946,987.423088243951,987.423088243951,988.965268592952,988.965268592952,991.772712490761,1014,1041.09589041096,1041.09589041096,1040.28280390965,1040.28280390965,1038.8038326657,1038.8038326657,1040.34134857725,1040.34134857725,1036.99311557053,1021,991.529007702067,991.529007702067,1035.99993038107,1035.99993038107,1035.63721696656,1035.63721696656,1036.07081524698,1036.07081524698,1027.3091943958,1020,1012.87262872629,1012.87262872629,999.788081614441,999.788081614441,998.904306220096,998.904306220096,999.905452424811,999.905452424811,988.067205475462,965,957.472926157287,957.472926157287,936.545761705543,936.545761705543,936.607424669253,936.607424669253,936.503313118583,936.503313118583,928.812637121545,970,976.883631331904,976.883631331904,963.090847211485,963.090847211485,961.30290444252,961.30290444252,963.099960375352,963.099960375352,957.04699006429,975,958.793996336658,958.793996336658,969.619801921896,969.619801921896,967.853524261325,967.853524261325,969.469031674422,969.469031674422,974.100501031535,1017,1045.21233211897,1045.21233211897,1023.14378174423,1023.14378174423,1023.2530942046,1023.2530942046,1023.15535021192,1023.15535021192,1026.29320488307,994,980.350448031056,980.350448031056,982.762974444957,982.762974444957,981.75262770499,981.75262770499,982.917681115737,982.917681115737,974.436820572765,959,957.119546317845,957.119546317845,950.99152069775,950.99152069775,950.842831301381,950.842831301381,950.785092994161,950.785092994161,958.838202580454,994,970.107014518698,970.107014518698,982.269650857486,982.269650857486,981.407060348892,981.407060348892,982.23963410326,982.23963410326,981.725276344879,980,993.441565423073,993.441565423073,981.767392002746,981.767392002746,981.543500153247,981.543500153247,981.998651284735,981.998651284735,983.653883282141,1018,1028.80768561757,1028.80768561757,1026.61870147337,1026.61870147337,1025.31265934066,1025.31265934066,1026.95041829756,1026.95041829756,1022.76511254019,982,982.28088952313,982.28088952313,990.557913800694,990.557913800694,989.935603061494,989.935603061494,990.606128938429,990.606128938429,995.217983490566,983,1009.60147672641,1009.60147672641,979.784383940246,979.784383940246,979.439210329176,979.439210329176,979.813936020636,979.813936020636,977.701495601173,1015,1006.47330588687,1006.47330588687,1015.79071800415,1015.79071800415,1014.80245147206,1014.80245147206,1015.78931848496,1015.78931848496,1016.39159403161,943,958.570050380534,958.570050380534,959.740104556092,959.740104556092,957.062481631693,957.062481631693,959.821152828524,959.821152828524,948.311240535818,968,989.300050691181,989.300050691181,963.690152448291,963.690152448291,962.623404255319,962.623404255319,963.738378116378,963.738378116378,956.448243184138,960,963.789417423838,963.789417423838,961.293022021802,961.293022021802,961.080182272269,961.080182272269,961.409349979782,961.409349979782,966.429710677045,1053,1025.87848589988,1025.87848589988,1051.78170589489,1051.78170589489,1052.07369120579,1052.07369120579,1051.8312914989,1051.8312914989,1049.0527168311,1016,1029.6191819464,1029.6191819464,1025.41984818193,1025.41984818193,1024.05833321083,1024.05833321083,1025.4140916297,1025.4140916297,1031.84002370019,1017,1018.97484791921,1018.97484791921,1009.53604063482,1009.53604063482,1008.80156494066,1008.80156494066,1009.45549697956,1009.45549697956,1020.58656033082,1022,1002.54763823537,1002.54763823537,1030.01236996504,1030.01236996504,1028.84465322155,1028.84465322155,1030.10580040737,1030.10580040737,1018.51440800929
"11",11,1017,1010.03469942793,1010.03469942793,1004.99947772466,1004.99947772466,1005.83246027333,1005.83246027333,1004.99961715624,1004.99961715624,1007.77894736842,981,1020.96310992106,1020.96310992106,980.504784092079,980.504784092079,979.476496354657,979.476496354657,980.798460454202,980.798460454202,973.637419637639,992,993.459146472228,993.459146472228,988.758520451946,988.758520451946,987.423088243951,987.423088243951,988.965268592952,988.965268592952,991.772712490761,1014,1022.00123322357,1022.00123322357,1040.28280390965,1040.28280390965,1038.8038326657,1038.8038326657,1040.34134857725,1040.34134857725,1036.99311557053,1021,1023.62933954276,1023.62933954276,1035.99993038107,1035.99993038107,1035.63721696656,1035.63721696656,1036.07081524698,1036.07081524698,1027.3091943958,1020,989.293135165897,989.293135165897,999.788081614441,999.788081614441,998.904306220096,998.904306220096,999.905452424811,999.905452424811,988.067205475462,965,943.57375198258,943.57375198258,936.545761705543,936.545761705543,936.607424669253,936.607424669253,936.503313118583,936.503313118583,928.812637121545,970,982.133115111838,982.133115111838,963.090847211485,963.090847211485,961.30290444252,961.30290444252,963.099960375352,963.099960375352,957.04699006429,975,928.037550062498,928.037550062498,969.619801921896,969.619801921896,967.853524261325,967.853524261325,969.469031674422,969.469031674422,974.100501031535,1017,1022.35104841176,1022.35104841176,1023.14378174423,1023.14378174423,1023.2530942046,1023.2530942046,1023.15535021192,1023.15535021192,1026.29320488307,994,961.75918196995,961.75918196995,982.762974444957,982.762974444957,981.75262770499,981.75262770499,982.917681115737,982.917681115737,974.436820572765,959,941.839192408429,941.839192408429,950.99152069775,950.99152069775,950.842831301381,950.842831301381,950.785092994161,950.785092994161,958.838202580454,994,975.370892391578,975.370892391578,982.269650857486,982.269650857486,981.407060348892,981.407060348892,982.23963410326,982.23963410326,981.725276344879,980,1019.10828025478,1019.10828025478,981.767392002746,981.767392002746,981.543500153247,981.543500153247,981.998651284735,981.998651284735,983.653883282141,1018,1049.39198318571,1049.39198318571,1026.61870147337,1026.61870147337,1025.31265934066,1025.31265934066,1026.95041829756,1026.95041829756,1022.76511254019,982,952.405355198258,952.405355198258,990.557913800694,990.557913800694,989.935603061494,989.935603061494,990.606128938429,990.606128938429,995.217983490566,983,982.294835882108,982.294835882108,979.784383940246,979.784383940246,979.439210329176,979.439210329176,979.813936020636,979.813936020636,977.701495601173,1015,991.458564256374,991.458564256374,1015.79071800415,1015.79071800415,1014.80245147206,1014.80245147206,1015.78931848496,1015.78931848496,1016.39159403161,943,920.732570560754,920.732570560754,959.740104556092,959.740104556092,957.062481631693,957.062481631693,959.821152828524,959.821152828524,948.311240535818,968,1001.98426464262,1001.98426464262,963.690152448291,963.690152448291,962.623404255319,962.623404255319,963.738378116378,963.738378116378,956.448243184138,960,958.372639942601,958.372639942601,961.293022021802,961.293022021802,961.080182272269,961.080182272269,961.409349979782,961.409349979782,966.429710677045,1053,1072.51950035455,1072.51950035455,1051.78170589489,1051.78170589489,1052.07369120579,1052.07369120579,1051.8312914989,1051.8312914989,1049.0527168311,1016,990.514835108033,990.514835108033,1025.41984818193,1025.41984818193,1024.05833321083,1024.05833321083,1025.4140916297,1025.4140916297,1031.84002370019,1017,978.087135859758,978.087135859758,1009.53604063482,1009.53604063482,1008.80156494066,1008.80156494066,1009.45549697956,1009.45549697956,1020.58656033082,1022,1074.87771227894,1074.87771227894,1030.01236996504,1030.01236996504,1028.84465322155,1028.84465322155,1030.10580040737,1030.10580040737,1018.51440800929
"12",12,1017,986.070237394546,986.070237394546,1004.99947772466,1004.99947772466,1005.83246027333,1005.83246027333,1004.99961715624,1004.99961715624,1007.77894736842,981,937.559720222701,937.559720222701,980.504784092079,980.504784092079,979.476496354657,979.476496354657,980.798460454202,980.798460454202,973.637419637639,992,947.256763837591,947.256763837591,988.758520451946,988.758520451946,987.423088243951,987.423088243951,988.965268592952,988.965268592952,991.772712490761,1014,1071.96917572588,1071.96917572588,1040.28280390965,1040.28280390965,1038.8038326657,1038.8038326657,1040.34134857725,1040.34134857725,1036.99311557053,1021,1023.8460724116,1023.8460724116,1035.99993038107,1035.99993038107,1035.63721696656,1035.63721696656,1036.07081524698,1036.07081524698,1027.3091943958,1020,992.761803572614,992.761803572614,999.788081614441,999.788081614441,998.904306220096,998.904306220096,999.905452424811,999.905452424811,988.067205475462,965,956.416299949591,956.416299949591,936.545761705543,936.545761705543,936.607424669253,936.607424669253,936.503313118583,936.503313118583,928.812637121545,970,941.553347280335,941.553347280335,963.090847211485,963.090847211485,961.30290444252,961.30290444252,963.099960375352,963.099960375352,957.04699006429,975,970.534487588203,970.534487588203,969.619801921896,969.619801921896,967.853524261325,967.853524261325,969.469031674422,969.469031674422,974.100501031535,1017,1024.74911039143,1024.74911039143,1023.14378174423,1023.14378174423,1023.2530942046,1023.2530942046,1023.15535021192,1023.15535021192,1026.29320488307,994,977.659927079881,977.659927079881,982.762974444957,982.762974444957,981.75262770499,981.75262770499,982.917681115737,982.917681115737,974.436820572765,959,951.077205247139,951.077205247139,950.99152069775,950.99152069775,950.842831301381,950.842831301381,950.785092994161,950.785092994161,958.838202580454,994,974.197641833659,974.197641833659,982.269650857486,982.269650857486,981.407060348892,981.407060348892,982.23963410326,982.23963410326,981.725276344879,980,967.932014298996,967.932014298996,981.767392002746,981.767392002746,981.543500153247,981.543500153247,981.998651284735,981.998651284735,983.653883282141,1018,1029.88253258147,1029.88253258147,1026.61870147337,1026.61870147337,1025.31265934066,1025.31265934066,1026.95041829756,1026.95041829756,1022.76511254019,982,1003.92983024754,1003.92983024754,990.557913800694,990.557913800694,989.935603061494,989.935603061494,990.606128938429,990.606128938429,995.217983490566,983,981.900028134671,981.900028134671,979.784383940246,979.784383940246,979.439210329176,979.439210329176,979.813936020636,979.813936020636,977.701495601173,1015,1047.04326989286,1047.04326989286,1015.79071800415,1015.79071800415,1014.80245147206,1014.80245147206,1015.78931848496,1015.78931848496,1016.39159403161,943,951.836083022885,951.836083022885,959.740104556092,959.740104556092,957.062481631693,957.062481631693,959.821152828524,959.821152828524,948.311240535818,968,936.22372907726,936.22372907726,963.690152448291,963.690152448291,962.623404255319,962.623404255319,963.738378116378,963.738378116378,956.448243184138,960,881.170822287648,881.170822287648,961.293022021802,961.293022021802,961.080182272269,961.080182272269,961.409349979782,961.409349979782,966.429710677045,1053,1084.73781480153,1084.73781480153,1051.78170589489,1051.78170589489,1052.07369120579,1052.07369120579,1051.8312914989,1051.8312914989,1049.0527168311,1016,1037.63368079058,1037.63368079058,1025.41984818193,1025.41984818193,1024.05833321083,1024.05833321083,1025.4140916297,1025.4140916297,1031.84002370019,1017,1020.94910054761,1020.94910054761,1009.53604063482,1009.53604063482,1008.80156494066,1008.80156494066,1009.45549697956,1009.45549697956,1020.58656033082,1022,1029.78677952977,1029.78677952977,1030.01236996504,1030.01236996504,1028.84465322155,1028.84465322155,1030.10580040737,1030.10580040737,1018.51440800929
"13",13,1017,990.618101545254,990.618101545254,1004.99947772466,1004.99947772466,1005.83246027333,1005.83246027333,1004.99961715624,1004.99961715624,1007.77894736842,981,946.178769800453,946.178769800453,980.504784092079,980.504784092079,979.476496354657,979.476496354657,980.798460454202,980.798460454202,973.637419637639,992,978.895374943871,978.895374943871,988.758520451946,988.758520451946,987.423088243951,987.423088243951,988.965268592952,988.965268592952,991.772712490761,1014,1039.63699452823,1039.63699452823,1040.28280390965,1040.28280390965,1038.8038326657,1038.8038326657,1040.34134857725,1040.34134857725,1036.99311557053,1021,1002.5267249757,1002.5267249757,1035.99993038107,1035.99993038107,1035.63721696656,1035.63721696656,1036.07081524698,1036.07081524698,1027.3091943958,1020,979.197778301763,979.197778301763,999.788081614441,999.788081614441,998.904306220096,998.904306220096,999.905452424811,999.905452424811,988.067205475462,965,929.321277750566,929.321277750566,936.545761705543,936.545761705543,936.607424669253,936.607424669253,936.503313118583,936.503313118583,928.812637121545,970,950.76512760929,950.76512760929,963.090847211485,963.090847211485,961.30290444252,961.30290444252,963.099960375352,963.099960375352,957.04699006429,975,957.998683344306,957.998683344306,969.619801921896,969.619801921896,967.853524261325,967.853524261325,969.469031674422,969.469031674422,974.100501031535,1017,1007.41575389131,1007.41575389131,1023.14378174423,1023.14378174423,1023.2530942046,1023.2530942046,1023.15535021192,1023.15535021192,1026.29320488307,994,953.526262704632,953.526262704632,982.762974444957,982.762974444957,981.75262770499,981.75262770499,982.917681115737,982.917681115737,974.436820572765,959,920.338503485351,920.338503485351,950.99152069775,950.99152069775,950.842831301381,950.842831301381,950.785092994161,950.785092994161,958.838202580454,994,994.762984558903,994.762984558903,982.269650857486,982.269650857486,981.407060348892,981.407060348892,982.23963410326,982.23963410326,981.725276344879,980,957.289751094304,957.289751094304,981.767392002746,981.767392002746,981.543500153247,981.543500153247,981.998651284735,981.998651284735,983.653883282141,1018,1040.50232079787,1040.50232079787,1026.61870147337,1026.61870147337,1025.31265934066,1025.31265934066,1026.95041829756,1026.95041829756,1022.76511254019,982,1039.19704764035,1039.19704764035,990.557913800694,990.557913800694,989.935603061494,989.935603061494,990.606128938429,990.606128938429,995.217983490566,983,941.946097394836,941.946097394836,979.784383940246,979.784383940246,979.439210329176,979.439210329176,979.813936020636,979.813936020636,977.701495601173,1015,973.246287762417,973.246287762417,1015.79071800415,1015.79071800415,1014.80245147206,1014.80245147206,1015.78931848496,1015.78931848496,1016.39159403161,943,982.152663371774,982.152663371774,959.740104556092,959.740104556092,957.062481631693,957.062481631693,959.821152828524,959.821152828524,948.311240535818,968,950.544315294799,950.544315294799,963.690152448291,963.690152448291,962.623404255319,962.623404255319,963.738378116378,963.738378116378,956.448243184138,960,920.65963801598,920.65963801598,961.293022021802,961.293022021802,961.080182272269,961.080182272269,961.409349979782,961.409349979782,966.429710677045,1053,1005.15035720219,1005.15035720219,1051.78170589489,1051.78170589489,1052.07369120579,1052.07369120579,1051.8312914989,1051.8312914989,1049.0527168311,1016,999.67394848386,999.67394848386,1025.41984818193,1025.41984818193,1024.05833321083,1024.05833321083,1025.4140916297,1025.4140916297,1031.84002370019,1017,1023.98013575699,1023.98013575699,1009.53604063482,1009.53604063482,1008.80156494066,1008.80156494066,1009.45549697956,1009.45549697956,1020.58656033082,1022,1027.64639264539,1027.64639264539,1030.01236996504,1030.01236996504,1028.84465322155,1028.84465322155,1030.10580040737,1030.10580040737,1018.51440800929
"14",14,1017,992.365407397657,992.365407397657,1004.99947772466,1004.99947772466,1005.83246027333,1005.83246027333,1004.99961715624,1004.99961715624,1007.77894736842,981,1030.52793726369,1030.52793726369,980.504784092079,980.504784092079,979.476496354657,979.476496354657,980.798460454202,980.798460454202,973.637419637639,992,960.203129858016,960.203129858016,988.758520451946,988.758520451946,987.423088243951,987.423088243951,988.965268592952,988.965268592952,991.772712490761,1014,1007.00638589415,1007.00638589415,1040.28280390965,1040.28280390965,1038.8038326657,1038.8038326657,1040.34134857725,1040.34134857725,1036.99311557053,1021,983.812926770342,983.812926770342,1035.99993038107,1035.99993038107,1035.63721696656,1035.63721696656,1036.07081524698,1036.07081524698,1027.3091943958,1020,955.381449623599,955.381449623599,999.788081614441,999.788081614441,998.904306220096,998.904306220096,999.905452424811,999.905452424811,988.067205475462,965,905.537711388878,905.537711388878,936.545761705543,936.545761705543,936.607424669253,936.607424669253,936.503313118583,936.503313118583,928.812637121545,970,976.221463044304,976.221463044304,963.090847211485,963.090847211485,961.30290444252,961.30290444252,963.099960375352,963.099960375352,957.04699006429,975,976.133299346651,976.133299346651,969.619801921896,969.619801921896,967.853524261325,967.853524261325,969.469031674422,969.469031674422,974.100501031535,1017,929.195518979081,929.195518979081,1023.14378174423,1023.14378174423,1023.2530942046,1023.2530942046,1023.15535021192,1023.15535021192,1026.29320488307,994,972.284486168614,972.284486168614,982.762974444957,982.762974444957,981.75262770499,981.75262770499,982.917681115737,982.917681115737,974.436820572765,959,910.270435291424,910.270435291424,950.99152069775,950.99152069775,950.842831301381,950.842831301381,950.785092994161,950.785092994161,958.838202580454,994,945.344467105348,945.344467105348,982.269650857486,982.269650857486,981.407060348892,981.407060348892,982.23963410326,982.23963410326,981.725276344879,980,964.131994261119,964.131994261119,981.767392002746,981.767392002746,981.543500153247,981.543500153247,981.998651284735,981.998651284735,983.653883282141,1018,997.224527910355,997.224527910355,1026.61870147337,1026.61870147337,1025.31265934066,1025.31265934066,1026.95041829756,1026.95041829756,1022.76511254019,982,974.388549558288,974.388549558288,990.557913800694,990.557913800694,989.935603061494,989.935603061494,990.606128938429,990.606128938429,995.217983490566,983,967.231071753791,967.231071753791,979.784383940246,979.784383940246,979.439210329176,979.439210329176,979.813936020636,979.813936020636,977.701495601173,1015,977.073534325443,977.073534325443,1015.79071800415,1015.79071800415,1014.80245147206,1014.80245147206,1015.78931848496,1015.78931848496,1016.39159403161,943,997.448517212052,997.448517212052,959.740104556092,959.740104556092,957.062481631693,957.062481631693,959.821152828524,959.821152828524,948.311240535818,968,932.066655479974,932.066655479974,963.690152448291,963.690152448291,962.623404255319,962.623404255319,963.738378116378,963.738378116378,956.448243184138,960,978.551369537789,978.551369537789,961.293022021802,961.293022021802,961.080182272269,961.080182272269,961.409349979782,961.409349979782,966.429710677045,1053,1027.32568771389,1027.32568771389,1051.78170589489,1051.78170589489,1052.07369120579,1052.07369120579,1051.8312914989,1051.8312914989,1049.0527168311,1016,1013.00451986361,1013.00451986361,1025.41984818193,1025.41984818193,1024.05833321083,1024.05833321083,1025.4140916297,1025.4140916297,1031.84002370019,1017,1017.58103233247,1017.58103233247,1009.53604063482,1009.53604063482,1008.80156494066,1008.80156494066,1009.45549697956,1009.45549697956,1020.58656033082,1022,1027.03062583222,1027.03062583222,1030.01236996504,1030.01236996504,1028.84465322155,1028.84465322155,1030.10580040737,1030.10580040737,1018.51440800929
"15",15,1017,990.618101545254,990.618101545254,1004.99947772466,1004.99947772466,1005.83246027333,1005.83246027333,1004.99961715624,1004.99961715624,1007.77894736842,981,961.244562874721,961.244562874721,980.504784092079,980.504784092079,979.476496354657,979.476496354657,980.798460454202,980.798460454202,973.637419637639,992,962.035174248816,962.035174248816,988.758520451946,988.758520451946,987.423088243951,987.423088243951,988.965268592952,988.965268592952,991.772712490761,1014,1076.60627168069,1076.60627168069,1040.28280390965,1040.28280390965,1038.8038326657,1038.8038326657,1040.34134857725,1040.34134857725,1036.99311557053,1021,1012.77587245072,1012.77587245072,1035.99993038107,1035.99993038107,1035.63721696656,1035.63721696656,1036.07081524698,1036.07081524698,1027.3091943958,1020,963.000180361238,963.000180361238,999.788081614441,999.788081614441,998.904306220096,998.904306220096,999.905452424811,999.905452424811,988.067205475462,965,908.408602707109,908.408602707109,936.545761705543,936.545761705543,936.607424669253,936.607424669253,936.503313118583,936.503313118583,928.812637121545,970,928.191180830358,928.191180830358,963.090847211485,963.090847211485,961.30290444252,961.30290444252,963.099960375352,963.099960375352,957.04699006429,975,968.660968660969,968.660968660969,969.619801921896,969.619801921896,967.853524261325,967.853524261325,969.469031674422,969.469031674422,974.100501031535,1017,1030.62797399638,1030.62797399638,1023.14378174423,1023.14378174423,1023.2530942046,1023.2530942046,1023.15535021192,1023.15535021192,1026.29320488307,994,957.140261156252,957.140261156252,982.762974444957,982.762974444957,981.75262770499,981.75262770499,982.917681115737,982.917681115737,974.436820572765,959,923.86743612585,923.86743612585,950.99152069775,950.99152069775,950.842831301381,950.842831301381,950.785092994161,950.785092994161,958.838202580454,994,938.160340130859,938.160340130859,982.269650857486,982.269650857486,981.407060348892,981.407060348892,982.23963410326,982.23963410326,981.725276344879,980,1002.27790432802,1002.27790432802,981.767392002746,981.767392002746,981.543500153247,981.543500153247,981.998651284735,981.998651284735,983.653883282141,1018,1018.39710732308,1018.39710732308,1026.61870147337,1026.61870147337,1025.31265934066,1025.31265934066,1026.95041829756,1026.95041829756,1022.76511254019,982,1033.21751216122,1033.21751216122,990.557913800694,990.557913800694,989.935603061494,989.935603061494,990.606128938429,990.606128938429,995.217983490566,983,996.627593897033,996.627593897033,979.784383940246,979.784383940246,979.439210329176,979.439210329176,979.813936020636,979.813936020636,977.701495601173,1015,998.962015004796,998.962015004796,1015.79071800415,1015.79071800415,1014.80245147206,1014.80245147206,1015.78931848496,1015.78931848496,1016.39159403161,943,936.522274149419,936.522274149419,959.740104556092,959.740104556092,957.062481631693,957.062481631693,959.821152828524,959.821152828524,948.311240535818,968,971.321729305103,971.321729305103,963.690152448291,963.690152448291,962.623404255319,962.623404255319,963.738378116378,963.738378116378,956.448243184138,960,957.316911315796,957.316911315796,961.293022021802,961.293022021802,961.080182272269,961.080182272269,961.409349979782,961.409349979782,966.429710677045,1053,1006.9520017412,1006.9520017412,1051.78170589489,1051.78170589489,1052.07369120579,1052.07369120579,1051.8312914989,1051.8312914989,1049.0527168311,1016,994.679470542435,994.679470542435,1025.41984818193,1025.41984818193,1024.05833321083,1024.05833321083,1025.4140916297,1025.4140916297,1031.84002370019,1017,1003.3851687295,1003.3851687295,1009.53604063482,1009.53604063482,1008.80156494066,1008.80156494066,1009.45549697956,1009.45549697956,1020.58656033082,1022,1028.16694882493,1028.16694882493,1030.01236996504,1030.01236996504,1028.84465322155,1028.84465322155,1030.10580040737,1030.10580040737,1018.51440800929
"16",16,1017,930.063287235224,930.063287235224,1004.99947772466,1004.99947772466,1005.83246027333,1005.83246027333,1004.99961715624,1004.99961715624,1007.77894736842,981,993.425759682493,993.425759682493,980.504784092079,980.504784092079,979.476496354657,979.476496354657,980.798460454202,980.798460454202,973.637419637639,992,992.488049169133,992.488049169133,988.758520451946,988.758520451946,987.423088243951,987.423088243951,988.965268592952,988.965268592952,991.772712490761,1014,1037.35268659698,1037.35268659698,1040.28280390965,1040.28280390965,1038.8038326657,1038.8038326657,1040.34134857725,1040.34134857725,1036.99311557053,1021,1062.55579207581,1062.55579207581,1035.99993038107,1035.99993038107,1035.63721696656,1035.63721696656,1036.07081524698,1036.07081524698,1027.3091943958,1020,995.936313370195,995.936313370195,999.788081614441,999.788081614441,998.904306220096,998.904306220096,999.905452424811,999.905452424811,988.067205475462,965,941.852040679422,941.852040679422,936.545761705543,936.545761705543,936.607424669253,936.607424669253,936.503313118583,936.503313118583,928.812637121545,970,940.385243225596,940.385243225596,963.090847211485,963.090847211485,961.30290444252,961.30290444252,963.099960375352,963.099960375352,957.04699006429,975,930.030421555845,930.030421555845,969.619801921896,969.619801921896,967.853524261325,967.853524261325,969.469031674422,969.469031674422,974.100501031535,1017,991.82188741551,991.82188741551,1023.14378174423,1023.14378174423,1023.2530942046,1023.2530942046,1023.15535021192,1023.15535021192,1026.29320488307,994,992.930721066451,992.930721066451,982.762974444957,982.762974444957,981.75262770499,981.75262770499,982.917681115737,982.917681115737,974.436820572765,959,934.81384715872,934.81384715872,950.99152069775,950.99152069775,950.842831301381,950.842831301381,950.785092994161,950.785092994161,958.838202580454,994,998.063458960226,998.063458960226,982.269650857486,982.269650857486,981.407060348892,981.407060348892,982.23963410326,982.23963410326,981.725276344879,980,931.780366056572,931.780366056572,981.767392002746,981.767392002746,981.543500153247,981.543500153247,981.998651284735,981.998651284735,983.653883282141,1018,968.583089791394,968.583089791394,1026.61870147337,1026.61870147337,1025.31265934066,1025.31265934066,1026.95041829756,1026.95041829756,1022.76511254019,982,974.567383324594,974.567383324594,990.557913800694,990.557913800694,989.935603061494,989.935603061494,990.606128938429,990.606128938429,995.217983490566,983,944.884935215626,944.884935215626,979.784383940246,979.784383940246,979.439210329176,979.439210329176,979.813936020636,979.813936020636,977.701495601173,1015,924.320709987235,924.320709987235,1015.79071800415,1015.79071800415,1014.80245147206,1014.80245147206,1015.78931848496,1015.78931848496,1016.39159403161,943,970.428648941942,970.428648941942,959.740104556092,959.740104556092,957.062481631693,957.062481631693,959.821152828524,959.821152828524,948.311240535818,968,967.469653527694,967.469653527694,963.690152448291,963.690152448291,962.623404255319,962.623404255319,963.738378116378,963.738378116378,956.448243184138,960,966.669793746733,966.669793746733,961.293022021802,961.293022021802,961.080182272269,961.080182272269,961.409349979782,961.409349979782,966.429710677045,1053,965.445283250476,965.445283250476,1051.78170589489,1051.78170589489,1052.07369120579,1052.07369120579,1051.8312914989,1051.8312914989,1049.0527168311,1016,998.033879767191,998.033879767191,1025.41984818193,1025.41984818193,1024.05833321083,1024.05833321083,1025.4140916297,1025.4140916297,1031.84002370019,1017,1047.55988127287,1047.55988127287,1009.53604063482,1009.53604063482,1008.80156494066,1008.80156494066,1009.45549697956,1009.45549697956,1020.58656033082,1022,1018.80960557948,1018.80960557948,1030.01236996504,1030.01236996504,1028.84465322155,1028.84465322155,1030.10580040737,1030.10580040737,1018.51440800929
"17",17,1017,897.842035060976,897.842035060976,1004.99947772466,1004.99947772466,1005.83246027333,1005.83246027333,1004.99961715624,1004.99961715624,1007.77894736842,981,911.884611095278,911.884611095278,980.504784092079,980.504784092079,979.476496354657,979.476496354657,980.798460454202,980.798460454202,973.637419637639,992,952.980958381012,952.980958381012,988.758520451946,988.758520451946,987.423088243951,987.423088243951,988.965268592952,988.965268592952,991.772712490761,1014,979.77562006339,979.77562006339,1040.28280390965,1040.28280390965,1038.8038326657,1038.8038326657,1040.34134857725,1040.34134857725,1036.99311557053,1021,965.278904095917,965.278904095917,1035.99993038107,1035.99993038107,1035.63721696656,1035.63721696656,1036.07081524698,1036.07081524698,1027.3091943958,1020,964.802457503517,964.802457503517,999.788081614441,999.788081614441,998.904306220096,998.904306220096,999.905452424811,999.905452424811,988.067205475462,965,910.021907934821,910.021907934821,936.545761705543,936.545761705543,936.607424669253,936.607424669253,936.503313118583,936.503313118583,928.812637121545,970,889.385668058197,889.385668058197,963.090847211485,963.090847211485,961.30290444252,961.30290444252,963.099960375352,963.099960375352,957.04699006429,975,903.222602909777,903.222602909777,969.619801921896,969.619801921896,967.853524261325,967.853524261325,969.469031674422,969.469031674422,974.100501031535,1017,945.512229313461,945.512229313461,1023.14378174423,1023.14378174423,1023.2530942046,1023.2530942046,1023.15535021192,1023.15535021192,1026.29320488307,994,954.032059824305,954.032059824305,982.762974444957,982.762974444957,981.75262770499,981.75262770499,982.917681115737,982.917681115737,974.436820572765,959,890.116177824216,890.116177824216,950.99152069775,950.99152069775,950.842831301381,950.842831301381,950.785092994161,950.785092994161,958.838202580454,994,957.652776153536,957.652776153536,982.269650857486,982.269650857486,981.407060348892,981.407060348892,982.23963410326,982.23963410326,981.725276344879,980,1014.29786766926,1014.29786766926,981.767392002746,981.767392002746,981.543500153247,981.543500153247,981.998651284735,981.998651284735,983.653883282141,1018,952.233519511561,952.233519511561,1026.61870147337,1026.61870147337,1025.31265934066,1025.31265934066,1026.95041829756,1026.95041829756,1022.76511254019,982,966.194876593754,966.194876593754,990.557913800694,990.557913800694,989.935603061494,989.935603061494,990.606128938429,990.606128938429,995.217983490566,983,908.651342706241,908.651342706241,979.784383940246,979.784383940246,979.439210329176,979.439210329176,979.813936020636,979.813936020636,977.701495601173,1015,931.432001666115,931.432001666115,1015.79071800415,1015.79071800415,1014.80245147206,1014.80245147206,1015.78931848496,1015.78931848496,1016.39159403161,943,897.064539994232,897.064539994232,959.740104556092,959.740104556092,957.062481631693,957.062481631693,959.821152828524,959.821152828524,948.311240535818,968,906.978496784566,906.978496784566,963.690152448291,963.690152448291,962.623404255319,962.623404255319,963.738378116378,963.738378116378,956.448243184138,960,926.442066866178,926.442066866178,961.293022021802,961.293022021802,961.080182272269,961.080182272269,961.409349979782,961.409349979782,966.429710677045,1053,983.899821109123,983.899821109123,1051.78170589489,1051.78170589489,1052.07369120579,1052.07369120579,1051.8312914989,1051.8312914989,1049.0527168311,1016,1035.47498108721,1035.47498108721,1025.41984818193,1025.41984818193,1024.05833321083,1024.05833321083,1025.4140916297,1025.4140916297,1031.84002370019,1017,1011.96271154795,1011.96271154795,1009.53604063482,1009.53604063482,1008.80156494066,1008.80156494066,1009.45549697956,1009.45549697956,1020.58656033082,1022,979.192321852505,979.192321852505,1030.01236996504,1030.01236996504,1028.84465322155,1028.84465322155,1030.10580040737,1030.10580040737,1018.51440800929
"18",18,1017,975.669729519865,975.669729519865,1004.99947772466,1004.99947772466,1005.83246027333,1005.83246027333,1004.99961715624,1004.99961715624,1007.77894736842,981,946.32477753202,946.32477753202,980.504784092079,980.504784092079,979.476496354657,979.476496354657,980.798460454202,980.798460454202,973.637419637639,992,945.685596539801,945.685596539801,988.758520451946,988.758520451946,987.423088243951,987.423088243951,988.965268592952,988.965268592952,991.772712490761,1014,985.913710402086,985.913710402086,1040.28280390965,1040.28280390965,1038.8038326657,1038.8038326657,1040.34134857725,1040.34134857725,1036.99311557053,1021,1017.79865030191,1017.79865030191,1035.99993038107,1035.99993038107,1035.63721696656,1035.63721696656,1036.07081524698,1036.07081524698,1027.3091943958,1020,958.542246387033,958.542246387033,999.788081614441,999.788081614441,998.904306220096,998.904306220096,999.905452424811,999.905452424811,988.067205475462,965,882.242051024255,882.242051024255,936.545761705543,936.545761705543,936.607424669253,936.607424669253,936.503313118583,936.503313118583,928.812637121545,970,860.982579480373,860.982579480373,963.090847211485,963.090847211485,961.30290444252,961.30290444252,963.099960375352,963.099960375352,957.04699006429,975,884.179314870399,884.179314870399,969.619801921896,969.619801921896,967.853524261325,967.853524261325,969.469031674422,969.469031674422,974.100501031535,1017,913.855808314911,913.855808314911,1023.14378174423,1023.14378174423,1023.2530942046,1023.2530942046,1023.15535021192,1023.15535021192,1026.29320488307,994,913.867889453464,913.867889453464,982.762974444957,982.762974444957,981.75262770499,981.75262770499,982.917681115737,982.917681115737,974.436820572765,959,881.769453514879,881.769453514879,950.99152069775,950.99152069775,950.842831301381,950.842831301381,950.785092994161,950.785092994161,958.838202580454,994,934.12930783173,934.12930783173,982.269650857486,982.269650857486,981.407060348892,981.407060348892,982.23963410326,982.23963410326,981.725276344879,980,921.110017320656,921.110017320656,981.767392002746,981.767392002746,981.543500153247,981.543500153247,981.998651284735,981.998651284735,983.653883282141,1018,960.03296250515,960.03296250515,1026.61870147337,1026.61870147337,1025.31265934066,1025.31265934066,1026.95041829756,1026.95041829756,1022.76511254019,982,919.116737963947,919.116737963947,990.557913800694,990.557913800694,989.935603061494,989.935603061494,990.606128938429,990.606128938429,995.217983490566,983,921.261030243608,921.261030243608,979.784383940246,979.784383940246,979.439210329176,979.439210329176,979.813936020636,979.813936020636,977.701495601173,1015,915.450561094254,915.450561094254,1015.79071800415,1015.79071800415,1014.80245147206,1014.80245147206,1015.78931848496,1015.78931848496,1016.39159403161,943,927.32056982125,927.32056982125,959.740104556092,959.740104556092,957.062481631693,957.062481631693,959.821152828524,959.821152828524,948.311240535818,968,922.740748313228,922.740748313228,963.690152448291,963.690152448291,962.623404255319,962.623404255319,963.738378116378,963.738378116378,956.448243184138,960,914.96055001649,914.96055001649,961.293022021802,961.293022021802,961.080182272269,961.080182272269,961.409349979782,961.409349979782,966.429710677045,1053,1066.10819676575,1066.10819676575,1051.78170589489,1051.78170589489,1052.07369120579,1052.07369120579,1051.8312914989,1051.8312914989,1049.0527168311,1016,978.240061259652,978.240061259652,1025.41984818193,1025.41984818193,1024.05833321083,1024.05833321083,1025.4140916297,1025.4140916297,1031.84002370019,1017,1004.92663029083,1004.92663029083,1009.53604063482,1009.53604063482,1008.80156494066,1008.80156494066,1009.45549697956,1009.45549697956,1020.58656033082,1022,948.790178736177,948.790178736177,1030.01236996504,1030.01236996504,1028.84465322155,1028.84465322155,1030.10580040737,1030.10580040737,1018.51440800929
"19",19,1017,956.058588548602,956.058588548602,1004.99947772466,1004.99947772466,1005.83246027333,1005.83246027333,1004.99961715624,1004.99961715624,1007.77894736842,981,863.570221554638,863.570221554638,980.504784092079,980.504784092079,979.476496354657,979.476496354657,980.798460454202,980.798460454202,973.637419637639,992,945.625271108163,945.625271108163,988.758520451946,988.758520451946,987.423088243951,987.423088243951,988.965268592952,988.965268592952,991.772712490761,1014,959.714180115806,959.714180115806,1040.28280390965,1040.28280390965,1038.8038326657,1038.8038326657,1040.34134857725,1040.34134857725,1036.99311557053,1021,1042.93320752174,1042.93320752174,1035.99993038107,1035.99993038107,1035.63721696656,1035.63721696656,1036.07081524698,1036.07081524698,1027.3091943958,1020,900.266165648974,900.266165648974,999.788081614441,999.788081614441,998.904306220096,998.904306220096,999.905452424811,999.905452424811,988.067205475462,965,887.989374486117,887.989374486117,936.545761705543,936.545761705543,936.607424669253,936.607424669253,936.503313118583,936.503313118583,928.812637121545,970,862.178374301074,862.178374301074,963.090847211485,963.090847211485,961.30290444252,961.30290444252,963.099960375352,963.099960375352,957.04699006429,975,887.382003561236,887.382003561236,969.619801921896,969.619801921896,967.853524261325,967.853524261325,969.469031674422,969.469031674422,974.100501031535,1017,978.580428391432,978.580428391432,1023.14378174423,1023.14378174423,1023.2530942046,1023.2530942046,1023.15535021192,1023.15535021192,1026.29320488307,994,871.373707533235,871.373707533235,982.762974444957,982.762974444957,981.75262770499,981.75262770499,982.917681115737,982.917681115737,974.436820572765,959,909.807511378951,909.807511378951,950.99152069775,950.99152069775,950.842831301381,950.842831301381,950.785092994161,950.785092994161,958.838202580454,994,948.580989767681,948.580989767681,982.269650857486,982.269650857486,981.407060348892,981.407060348892,982.23963410326,982.23963410326,981.725276344879,980,883.270202774558,883.270202774558,981.767392002746,981.767392002746,981.543500153247,981.543500153247,981.998651284735,981.998651284735,983.653883282141,1018,971.103084190053,971.103084190053,1026.61870147337,1026.61870147337,1025.31265934066,1025.31265934066,1026.95041829756,1026.95041829756,1022.76511254019,982,987.841339445884,987.841339445884,990.557913800694,990.557913800694,989.935603061494,989.935603061494,990.606128938429,990.606128938429,995.217983490566,983,919.181277748514,919.181277748514,979.784383940246,979.784383940246,979.439210329176,979.439210329176,979.813936020636,979.813936020636,977.701495601173,1015,990.980422825265,990.980422825265,1015.79071800415,1015.79071800415,1014.80245147206,1014.80245147206,1015.78931848496,1015.78931848496,1016.39159403161,943,910.780669144981,910.780669144981,959.740104556092,959.740104556092,957.062481631693,957.062481631693,959.821152828524,959.821152828524,948.311240535818,968,904.69448864277,904.69448864277,963.690152448291,963.690152448291,962.623404255319,962.623404255319,963.738378116378,963.738378116378,956.448243184138,960,1022.49691677417,1022.49691677417,961.293022021802,961.293022021802,961.080182272269,961.080182272269,961.409349979782,961.409349979782,966.429710677045,1053,1017.10915980188,1017.10915980188,1051.78170589489,1051.78170589489,1052.07369120579,1052.07369120579,1051.8312914989,1051.8312914989,1049.0527168311,1016,995.868412846897,995.868412846897,1025.41984818193,1025.41984818193,1024.05833321083,1024.05833321083,1025.4140916297,1025.4140916297,1031.84002370019,1017,973.96929711968,973.96929711968,1009.53604063482,1009.53604063482,1008.80156494066,1008.80156494066,1009.45549697956,1009.45549697956,1020.58656033082,1022,976.848451075255,976.848451075255,1030.01236996504,1030.01236996504,1028.84465322155,1028.84465322155,1030.10580040737,1030.10580040737,1018.51440800929
"20",20,1017,1027.69977371248,1027.69977371248,1004.99947772466,1004.99947772466,1005.83246027333,1005.83246027333,1004.99961715624,1004.99961715624,1007.77894736842,981,866.427267910755,866.427267910755,980.504784092079,980.504784092079,979.476496354657,979.476496354657,980.798460454202,980.798460454202,973.637419637639,992,901.516717953708,901.516717953708,988.758520451946,988.758520451946,987.423088243951,987.423088243951,988.965268592952,988.965268592952,991.772712490761,1014,982.531374156524,982.531374156524,1040.28280390965,1040.28280390965,1038.8038326657,1038.8038326657,1040.34134857725,1040.34134857725,1036.99311557053,1021,997.96202662264,997.96202662264,1035.99993038107,1035.99993038107,1035.63721696656,1035.63721696656,1036.07081524698,1036.07081524698,1027.3091943958,1020,913.099775236978,913.099775236978,999.788081614441,999.788081614441,998.904306220096,998.904306220096,999.905452424811,999.905452424811,988.067205475462,965,874.178123132098,874.178123132098,936.545761705543,936.545761705543,936.607424669253,936.607424669253,936.503313118583,936.503313118583,928.812637121545,970,909.458315967618,909.458315967618,963.090847211485,963.090847211485,961.30290444252,961.30290444252,963.099960375352,963.099960375352,957.04699006429,975,920.232208127284,920.232208127284,969.619801921896,969.619801921896,967.853524261325,967.853524261325,969.469031674422,969.469031674422,974.100501031535,1017,993.192709611584,993.192709611584,1023.14378174423,1023.14378174423,1023.2530942046,1023.2530942046,1023.15535021192,1023.15535021192,1026.29320488307,994,912.815815208645,912.815815208645,982.762974444957,982.762974444957,981.75262770499,981.75262770499,982.917681115737,982.917681115737,974.436820572765,959,866.847562748328,866.847562748328,950.99152069775,950.99152069775,950.842831301381,950.842831301381,950.785092994161,950.785092994161,958.838202580454,994,866.977225672878,866.977225672878,982.269650857486,982.269650857486,981.407060348892,981.407060348892,982.23963410326,982.23963410326,981.725276344879,980,969.137582924719,969.137582924719,981.767392002746,981.767392002746,981.543500153247,981.543500153247,981.998651284735,981.998651284735,983.653883282141,1018,926.173526542117,926.173526542117,1026.61870147337,1026.61870147337,1025.31265934066,1025.31265934066,1026.95041829756,1026.95041829756,1022.76511254019,982,928.217358189015,928.217358189015,990.557913800694,990.557913800694,989.935603061494,989.935603061494,990.606128938429,990.606128938429,995.217983490566,983,881.069449286513,881.069449286513,979.784383940246,979.784383940246,979.439210329176,979.439210329176,979.813936020636,979.813936020636,977.701495601173,1015,959.74450573726,959.74450573726,1015.79071800415,1015.79071800415,1014.80245147206,1014.80245147206,1015.78931848496,1015.78931848496,1016.39159403161,943,908.455980393402,908.455980393402,959.740104556092,959.740104556092,957.062481631693,957.062481631693,959.821152828524,959.821152828524,948.311240535818,968,890.9864889876,890.9864889876,963.690152448291,963.690152448291,962.623404255319,962.623404255319,963.738378116378,963.738378116378,956.448243184138,960,938.716016606151,938.716016606151,961.293022021802,961.293022021802,961.080182272269,961.080182272269,961.409349979782,961.409349979782,966.429710677045,1053,1096.15197000739,1096.15197000739,1051.78170589489,1051.78170589489,1052.07369120579,1052.07369120579,1051.8312914989,1051.8312914989,1049.0527168311,1016,915.551839464883,915.551839464883,1025.41984818193,1025.41984818193,1024.05833321083,1024.05833321083,1025.4140916297,1025.4140916297,1031.84002370019,1017,931.12291853288,931.12291853288,1009.53604063482,1009.53604063482,1008.80156494066,1008.80156494066,1009.45549697956,1009.45549697956,1020.58656033082,1022,982.410108137713,982.410108137713,1030.01236996504,1030.01236996504,1028.84465322155,1028.84465322155,1030.10580040737,1030.10580040737,1018.51440800929
"21",21,1017,892.104889477919,892.104889477919,1004.99947772466,1004.99947772466,1005.83246027333,1005.83246027333,1004.99961715624,1004.99961715624,1007.77894736842,981,947.567665009915,947.567665009915,980.504784092079,980.504784092079,979.476496354657,979.476496354657,980.798460454202,980.798460454202,973.637419637639,992,882.223412485866,882.223412485866,988.758520451946,988.758520451946,987.423088243951,987.423088243951,988.965268592952,988.965268592952,991.772712490761,1014,944.746288929853,944.746288929853,1040.28280390965,1040.28280390965,1038.8038326657,1038.8038326657,1040.34134857725,1040.34134857725,1036.99311557053,1021,939.024686263563,939.024686263563,1035.99993038107,1035.99993038107,1035.63721696656,1035.63721696656,1036.07081524698,1036.07081524698,1027.3091943958,1020,931.789284734861,931.789284734861,999.788081614441,999.788081614441,998.904306220096,998.904306220096,999.905452424811,999.905452424811,988.067205475462,965,882.452766150017,882.452766150017,936.545761705543,936.545761705543,936.607424669253,936.607424669253,936.503313118583,936.503313118583,928.812637121545,970,883.710085168004,883.710085168004,963.090847211485,963.090847211485,961.30290444252,961.30290444252,963.099960375352,963.099960375352,957.04699006429,975,896.743819172274,896.743819172274,969.619801921896,969.619801921896,967.853524261325,967.853524261325,969.469031674422,969.469031674422,974.100501031535,1017,995.907053855918,995.907053855918,1023.14378174423,1023.14378174423,1023.2530942046,1023.2530942046,1023.15535021192,1023.15535021192,1026.29320488307,994,927.967381455754,927.967381455754,982.762974444957,982.762974444957,981.75262770499,981.75262770499,982.917681115737,982.917681115737,974.436820572765,959,854.672272119243,854.672272119243,950.99152069775,950.99152069775,950.842831301381,950.842831301381,950.785092994161,950.785092994161,958.838202580454,994,925.333032003716,925.333032003716,982.269650857486,982.269650857486,981.407060348892,981.407060348892,982.23963410326,982.23963410326,981.725276344879,980,934.879662067308,934.879662067308,981.767392002746,981.767392002746,981.543500153247,981.543500153247,981.998651284735,981.998651284735,983.653883282141,1018,951.432283610716,951.432283610716,1026.61870147337,1026.61870147337,1025.31265934066,1025.31265934066,1026.95041829756,1026.95041829756,1022.76511254019,982,906.950358070931,906.950358070931,990.557913800694,990.557913800694,989.935603061494,989.935603061494,990.606128938429,990.606128938429,995.217983490566,983,948.467750284709,948.467750284709,979.784383940246,979.784383940246,979.439210329176,979.439210329176,979.813936020636,979.813936020636,977.701495601173,1015,931.489059322242,931.489059322242,1015.79071800415,1015.79071800415,1014.80245147206,1014.80245147206,1015.78931848496,1015.78931848496,1016.39159403161,943,815.16846890988,815.16846890988,959.740104556092,959.740104556092,957.062481631693,957.062481631693,959.821152828524,959.821152828524,948.311240535818,968,830.181303962934,830.181303962934,963.690152448291,963.690152448291,962.623404255319,962.623404255319,963.738378116378,963.738378116378,956.448243184138,960,802.380555092052,802.380555092052,961.293022021802,961.293022021802,961.080182272269,961.080182272269,961.409349979782,961.409349979782,966.429710677045,1053,898.990707190783,898.990707190783,1051.78170589489,1051.78170589489,1052.07369120579,1052.07369120579,1051.8312914989,1051.8312914989,1049.0527168311,1016,943.071225561967,943.071225561967,1025.41984818193,1025.41984818193,1024.05833321083,1024.05833321083,1025.4140916297,1025.4140916297,1031.84002370019,1017,910.815028207898,910.815028207898,1009.53604063482,1009.53604063482,1008.80156494066,1008.80156494066,1009.45549697956,1009.45549697956,1020.58656033082,1022,946.949699819523,946.949699819523,1030.01236996504,1030.01236996504,1028.84465322155,1028.84465322155,1030.10580040737,1030.10580040737,1018.51440800929
